Cliente;Arquivo;Código;Descrição;Peso;Valor;NCM
Celio Programador 001;Celio Programador 001.xlsx;;;;;
Celio Programador 001;Celio Programador 001.xlsx;;;;;
Celio Programador 001;Celio Programador 001.xlsx;;;;;
Celio Programador 001;Celio Programador 001.xlsx;;;;;
Celio Programador 001;Celio Programador 001.xlsx;;;;;
Celio Programador 001;Celio Programador 001.xlsx;;;;;
Celio Programador 001;Celio Programador 001.xlsx;;;;;
Celio Programador 001;Celio Programador 001.xlsx;;;;;
Celio Programador 001;Celio Programador 001.xlsx;;;;;
Celio Programador 001;Celio Programador 001.xlsx;;;;;
Celio Programador 001;Celio Programador 001.xlsx;;;;;
Celio Programador 001;Celio Programador 001.xlsx;;;;;
Celio Programador 001;Celio Programador 001.xlsx;;;;;
Celio Programador 001;Celio Programador 001.xlsx;;;;;
Celio Programador 001;Celio Programador 001.xlsx;;;;;
Celio Programador 001;Celio Programador 001.xlsx;;;;;
Celio Programador 001;Celio Programador 001.xlsx;;;;;
Celio Programador 001;Celio Programador 001.xlsx;;;;;
Celio Programador 001;Celio Programador 001.xlsx;;;;;
Celio Programador 001;Celio Programador 001.xlsx;;;;;
Celio Programador 001;Celio Programador 001.xlsx;;;;;
Celio Programador 001;Celio Programador 001.xlsx;;;;;
Celio Programador 001;Celio Programador 001.xlsx;;;;;
Celio Programador 001;Celio Programador 001.xlsx;;;;;
Celio Programador 001;Celio Programador 001.xlsx;;;;;
Celio Programador 001;Celio Programador 001.xlsx;;;;;
Celio Programador 001;Celio Programador 001.xlsx;;;;;
Celio Programador 001;Celio Programador 001.xlsx;;;;;
Celio Programador 001;Celio Programador 001.xlsx;;;;;
Celio Programador 001;Celio Programador 001.xlsx;;;;;
Celio Programador 001;Celio Programador 001.xlsx;;;;;
Celio Programador 001;Celio Programador 001.xlsx;;;;;
Celio Programador 001;Celio Programador 001.xlsx;;;;;
Celio Programador 001;Celio Programador 001.xlsx;;;;;
Celio Programador 001;Celio Programador 001.xlsx;;;;;
Celio Programador 001;Celio Programador 001.xlsx;;;;;
Celio Programador 001;Celio Programador 001.xlsx;;;;;
Celio Programador 001;Celio Programador 001.xlsx;;;;;
Celio Programador 001;Celio Programador 001.xlsx;;;;;
Celio Programador 001;Celio Programador 001.xlsx;;;;;
Celio Programador 001;Celio Programador 001.xlsx;;;;;
Celio Programador 001;Celio Programador 001.xlsx;;;;;
Celio Programador 001;Celio Programador 001.xlsx;;;;;
Celio Programador 001;Celio Programador 001.xlsx;;;;;
Celio Programador 001;Celio Programador 001.xlsx;;;;;
Celio Programador 001;Celio Programador 001.xlsx;;;;;
Celio Programador 001;Celio Programador 001.xlsx;;;;;
Celio Programador 001;Celio Programador 001.xlsx;;;;;
Celio Programador 001;Celio Programador 001.xlsx;;;;;
Celio Programador 001;Celio Programador 001.xlsx;;;;;
Celio Programador 001;Celio Programador 001.xlsx;;;;;
Celio Programador 001;Celio Programador 001.xlsx;;;;;
Celio Programador 001;Celio Programador 001.xlsx;;;;;
Celio Programador 001;Celio Programador 001.xlsx;;;;;
Celio Programador 001;Celio Programador 001.xlsx;;;;;
Celio Programador 001;Celio Programador 001.xlsx;;;;;
Celio Programador 001;Celio Programador 001.xlsx;;;;;
Celio Programador 001;Celio Programador 001.xlsx;;;;;
Celio Programador 001;Celio Programador 001.xlsx;;;;;
Celio Programador 001;Celio Programador 001.xlsx;;;;;
Celio Programador 001;Celio Programador 001.xlsx;;;;;
Celio Programador 001;Celio Programador 001.xlsx;;;;;
Celio Programador 001;Celio Programador 001.xlsx;;;;;
Celio Programador 001;Celio Programador 001.xlsx;;;;;
Celio Programador 001;Celio Programador 001.xlsx;;;;;
Celio Programador 001;Celio Programador 001.xlsx;;;;;
Celio Programador 001;Celio Programador 001.xlsx;;;;;
Celio Programador 001;Celio Programador 001.xlsx;;;;;
Celio Programador 001;Celio Programador 001.xlsx;;;;;
Celio Programador 001;Celio Programador 001.xlsx;;;;;
Celio Programador 001;Celio Programador 001.xlsx;;;;;
Celio Programador 001;Celio Programador 001.xlsx;;;;;
Celio Programador 001;Celio Programador 001.xlsx;;;;;
Celio Programador 001;Celio Programador 001.xlsx;;;;;
Celio Programador 001;Celio Programador 001.xlsx;;;;;
Celio Programador 001;Celio Programador 001.xlsx;;;;;
Celio Programador 001;Celio Programador 001.xlsx;;;;;
Celio Programador 001;Celio Programador 001.xlsx;;;;;
Celio Programador 001;Celio Programador 001.xlsx;;;;;
Celio Programador 001;Celio Programador 001.xlsx;;;;;
Celio Programador 001;Celio Programador 001.xlsx;;;;;
Celio Programador 001;Celio Programador 001.xlsx;;;;;
Celio Programador 001;Celio Programador 001.xlsx;;;;;
Celio Programador 001;Celio Programador 001.xlsx;;;;;
Celio Programador 001;Celio Programador 001.xlsx;;;;;
Celio Programador 001;Celio Programador 001.xlsx;;;;;
Celio Programador 001;Celio Programador 001.xlsx;;;;;
Celio Programador 001;Celio Programador 001.xlsx;;;;;
Celio Programador 001;Celio Programador 001.xlsx;;;;;
Celio Programador 001;Celio Programador 001.xlsx;;;;;
Celio Programador 001;Celio Programador 001.xlsx;;;;;
Celio Programador 001;Celio Programador 001.xlsx;;;;;
Celio Programador 001;Celio Programador 001.xlsx;;;;;
Celio Programador 001;Celio Programador 001.xlsx;;;;;
Celio Programador 001;Celio Programador 001.xlsx;;;;;
Celio Programador 001;Celio Programador 001.xlsx;;;;;
Celio Programador 001;Celio Programador 001.xlsx;;;;;
Celio Programador 001;Celio Programador 001.xlsx;;;;;
Celio Programador 001;Celio Programador 001.xlsx;;;;;
Celio Programador 001;Celio Programador 001.xlsx;;;;;
Celio Programador 001;Celio Programador 001.xlsx;;;;;
Celio Programador 001;Celio Programador 001.xlsx;;;;;
Celio Programador 001;Celio Programador 001.xlsx;;;;;
Celio Programador 001;Celio Programador 001.xlsx;;;;;
Celio Programador 001;Celio Programador 001.xlsx;;;;;
Celio Programador 001;Celio Programador 001.xlsx;;;;;
Celio Programador 001;Celio Programador 001.xlsx;;;;;
Celio Programador 001;Celio Programador 001.xlsx;;;;;
Celio Programador 001;Celio Programador 001.xlsx;;;;;
Celio Programador 001;Celio Programador 001.xlsx;;;;;
Celio Programador 001;Celio Programador 001.xlsx;;;;;
Celio Programador 001;Celio Programador 001.xlsx;;;;;
Celio Programador 001;Celio Programador 001.xlsx;;;;;
Celio Programador 001;Celio Programador 001.xlsx;;;;;
Celio Programador 001;Celio Programador 001.xlsx;;;;;
Celio Programador 001;Celio Programador 001.xlsx;;;;;
Celio Programador 001;Celio Programador 001.xlsx;;;;;
Celio Programador 001;Celio Programador 001.xlsx;;;;;
Celio Programador 001;Celio Programador 001.xlsx;;;;;
Celio Programador 001;Celio Programador 001.xlsx;;;;;
Celio Programador 001;Celio Programador 001.xlsx;;;;;
Celio Programador 001;Celio Programador 001.xlsx;;;;;
Celio Programador 001;Celio Programador 001.xlsx;;;;;
Celio Programador 001;Celio Programador 001.xlsx;;;;;
Celio Programador 001;Celio Programador 001.xlsx;;;;;
Celio Programador 001;Celio Programador 001.xlsx;;;;;
Celio Programador 001;Celio Programador 001.xlsx;;;;;
Celio Programador 001;Celio Programador 001.xlsx;;;;;
Celio Programador 001;Celio Programador 001.xlsx;;;;;
Celio Programador 001;Celio Programador 001.xlsx;;;;;
Celio Programador 001;Celio Programador 001.xlsx;;;;;
Celio Programador 001;Celio Programador 001.xlsx;;;;;
Celio Programador 001;Celio Programador 001.xlsx;;;;;
Celio Programador 001;Celio Programador 001.xlsx;;;;;
Celio Programador 001;Celio Programador 001.xlsx;;;;;
Celio Programador 001;Celio Programador 001.xlsx;;;;;
Celio Programador 001;Celio Programador 001.xlsx;;;;;
Celio Programador 001;Celio Programador 001.xlsx;;;;;
